-- MySQL dump 10.13  Distrib 8.0.16, for Win64 (x86_64)
--
-- Host: localhost    Database: proyecto
-- ------------------------------------------------------
-- Server version	8.0.16

/*!40101 SET @OLD_CHARACTER_SET_CLIENT=@@CHARACTER_SET_CLIENT */;
/*!40101 SET @OLD_CHARACTER_SET_RESULTS=@@CHARACTER_SET_RESULTS */;
/*!40101 SET @OLD_COLLATION_CONNECTION=@@COLLATION_CONNECTION */;
 SET NAMES utf8 ;
/*!40103 SET @OLD_TIME_ZONE=@@TIME_ZONE */;
/*!40103 SET TIME_ZONE='+00:00' */;
/*!40014 SET @OLD_UNIQUE_CHECKS=@@UNIQUE_CHECKS, UNIQUE_CHECKS=0 */;
/*!40014 SET @OLD_FOREIGN_KEY_CHECKS=@@FOREIGN_KEY_CHECKS, FOREIGN_KEY_CHECKS=0 */;
/*!40101 SET @OLD_SQL_MODE=@@SQL_MODE, SQL_MODE='NO_AUTO_VALUE_ON_ZERO' */;
/*!40111 SET @OLD_SQL_NOTES=@@SQL_NOTES, SQL_NOTES=0 */;

--
-- Table structure for table `habitaciones`
--

DROP TABLE IF EXISTS `habitaciones`;
/*!40101 SET @saved_cs_client     = @@character_set_client */;
 SET character_set_client = utf8mb4 ;
CREATE TABLE `habitaciones` (
  `idHabitaciones` int(11) NOT NULL AUTO_INCREMENT,
  `descripcion` varchar(45) DEFAULT NULL,
  `numHabitacion` int(11) DEFAULT NULL,
  `pathImg` varchar(45) DEFAULT NULL,
  `tipo` varchar(45) DEFAULT NULL,
  `precio` double DEFAULT NULL,
  `ocupantes` int(11) DEFAULT NULL,
  PRIMARY KEY (`idHabitaciones`)
) ENGINE=InnoDB AUTO_INCREMENT=7 DEFAULT CHARSET=utf8mb4 COLLATE=utf8mb4_0900_ai_ci;
/*!40101 SET character_set_client = @saved_cs_client */;

--
-- Dumping data for table `habitaciones`
--

LOCK TABLES `habitaciones` WRITE;
/*!40000 ALTER TABLE `habitaciones` DISABLE KEYS */;
INSERT INTO `habitaciones` VALUES (3,'prueba 1',101,'www.algo.es','Individual Simple',45,1),(4,'prueba 1',102,'www.algo.es','Individual Doble',55,1),(5,'prueba 1',103,'www.algo.es','Doble',55,2),(6,'prueba 1',104,'www.algo.es','Familiar',75,4);
/*!40000 ALTER TABLE `habitaciones` ENABLE KEYS */;
UNLOCK TABLES;

--
-- Table structure for table `pension`
--

DROP TABLE IF EXISTS `pension`;
/*!40101 SET @saved_cs_client     = @@character_set_client */;
 SET character_set_client = utf8mb4 ;
CREATE TABLE `pension` (
  `idPension` int(11) NOT NULL AUTO_INCREMENT,
  `descripcion` varchar(45) DEFAULT NULL,
  `tipo` varchar(45) DEFAULT NULL,
  `precio` double DEFAULT NULL,
  PRIMARY KEY (`idPension`)
) ENGINE=InnoDB AUTO_INCREMENT=5 DEFAULT CHARSET=utf8mb4 COLLATE=utf8mb4_0900_ai_ci;
/*!40101 SET character_set_client = @saved_cs_client */;

--
-- Dumping data for table `pension`
--

LOCK TABLES `pension` WRITE;
/*!40000 ALTER TABLE `pension` DISABLE KEYS */;
INSERT INTO `pension` VALUES (1,'Desayuno almuerzo y cena','Pensi贸n completa',20),(2,'Desayuno y almuerzo 贸 cena','Media pensi贸n',13),(3,'Desayuno incluido','Desayuno',7),(4,'Sin comidas incluidas','Sin pensi贸n',0);
/*!40000 ALTER TABLE `pension` ENABLE KEYS */;
UNLOCK TABLES;

--
-- Table structure for table `reservas`
--

DROP TABLE IF EXISTS `reservas`;
/*!40101 SET @saved_cs_client     = @@character_set_client */;
 SET character_set_client = utf8mb4 ;
CREATE TABLE `reservas` (
  `idReservas` int(11) NOT NULL AUTO_INCREMENT,
  `fechaReserva` date DEFAULT NULL,
  `fechaEntrada` date NOT NULL,
  `fechaSalida` date NOT NULL,
  `precio` double DEFAULT NULL,
  `idUsuario` int(11) DEFAULT NULL,
  `idHabitaciones` int(11) DEFAULT NULL,
  `idPension` int(11) DEFAULT NULL,
  `idValoraciones` int(11) DEFAULT NULL,
  PRIMARY KEY (`idReservas`,`fechaSalida`,`fechaEntrada`),
  KEY `id_habitaciones_idx` (`idHabitaciones`),
  KEY `id_usuario_idx` (`idUsuario`),
  KEY `id_pension_idx` (`idPension`),
  KEY `id_valoraciones_idx` (`idValoraciones`),
  CONSTRAINT `idHabitaciones` FOREIGN KEY (`idHabitaciones`) REFERENCES `habitaciones` (`idHabitaciones`),
  CONSTRAINT `idPension` FOREIGN KEY (`idPension`) REFERENCES `pension` (`idPension`),
  CONSTRAINT `idUsuario` FOREIGN KEY (`idUsuario`) REFERENCES `usuarios` (`idUsuario`),
  CONSTRAINT `idValoraciones` FOREIGN KEY (`idValoraciones`) REFERENCES `valoraciones` (`idValoraciones`)
) ENGINE=InnoDB AUTO_INCREMENT=12 DEFAULT CHARSET=utf8mb4 COLLATE=utf8mb4_0900_ai_ci;
/*!40101 SET character_set_client = @saved_cs_client */;

--
-- Dumping data for table `reservas`
--

LOCK TABLES `reservas` WRITE;
/*!40000 ALTER TABLE `reservas` DISABLE KEYS */;
INSERT INTO `reservas` VALUES (4,'2018-05-16','2018-05-16','2018-05-17',NULL,2,4,1,NULL),(5,'2018-05-16','2018-05-16','2018-05-17',NULL,3,4,1,NULL),(7,'2018-05-16','2018-05-16','2018-05-17',NULL,2,4,1,NULL),(8,'2018-05-16','2018-05-16','2018-05-17',NULL,3,4,1,NULL),(9,'2018-05-16','2018-05-16','2018-05-17',NULL,5,5,1,NULL),(10,'2018-05-16','2018-05-16','2018-05-17',65,1,3,1,NULL),(11,'2018-05-16','2018-05-16','2018-05-17',NULL,6,6,4,NULL);
/*!40000 ALTER TABLE `reservas` ENABLE KEYS */;
UNLOCK TABLES;

--
-- Table structure for table `usuarios`
--

DROP TABLE IF EXISTS `usuarios`;
/*!40101 SET @saved_cs_client     = @@character_set_client */;
 SET character_set_client = utf8mb4 ;
CREATE TABLE `usuarios` (
  `idUsuario` int(11) NOT NULL AUTO_INCREMENT,
  `nombre` varchar(45) DEFAULT NULL,
  `apellidos` varchar(45) DEFAULT NULL,
  `email` varchar(45) DEFAULT NULL,
  `password` varchar(45) DEFAULT NULL,
  PRIMARY KEY (`idUsuario`)
) ENGINE=InnoDB AUTO_INCREMENT=8 DEFAULT CHARSET=utf8mb4 COLLATE=utf8mb4_0900_ai_ci;
/*!40101 SET character_set_client = @saved_cs_client */;

--
-- Dumping data for table `usuarios`
--

LOCK TABLES `usuarios` WRITE;
/*!40000 ALTER TABLE `usuarios` DISABLE KEYS */;
INSERT INTO `usuarios` VALUES (1,'Latisha','Code','lcode0@bing.com','t1v9tweHpFBA'),(2,'Maria','Sawdon','msawdon1@youtube.com','XYaycv6'),(3,'Valdemar','Teare','vteare2@wisc.edu','ZEgYXyax'),(4,'Benjamen','Spittle','bspittle3@va.gov','KIsuCU68MT7y'),(5,'Latisha','Code','lcode0@bing.com','t1v9tweHpFBA'),(6,'Maria','Sawdon','msawdon1@youtube.com','XYaycv6');
/*!40000 ALTER TABLE `usuarios` ENABLE KEYS */;
UNLOCK TABLES;

--
-- Table structure for table `valoraciones`
--

DROP TABLE IF EXISTS `valoraciones`;
/*!40101 SET @saved_cs_client     = @@character_set_client */;
 SET character_set_client = utf8mb4 ;
CREATE TABLE `valoraciones` (
  `idValoraciones` int(11) NOT NULL AUTO_INCREMENT,
  `fecha` date DEFAULT NULL,
  `idUsuario` int(11) DEFAULT NULL,
  `idReserva` int(11) DEFAULT NULL,
  `comentarios` varchar(500) DEFAULT NULL,
  `valor` int(11) DEFAULT NULL,
  PRIMARY KEY (`idValoraciones`),
  KEY `id_usuarios_idx` (`idUsuario`),
  CONSTRAINT `idUsuarios` FOREIGN KEY (`idUsuario`) REFERENCES `usuarios` (`idUsuario`)
) ENGINE=InnoDB AUTO_INCREMENT=8 DEFAULT CHARSET=utf8mb4 COLLATE=utf8mb4_0900_ai_ci;
/*!40101 SET character_set_client = @saved_cs_client */;

--
-- Dumping data for table `valoraciones`
--

LOCK TABLES `valoraciones` WRITE;
/*!40000 ALTER TABLE `valoraciones` DISABLE KEYS */;
INSERT INTO `valoraciones` VALUES (2,'2019-05-17',1,4,'Praesent blandit. Nam nulla. Integer pede justo, lacinia eget, tincidunt eget, tempus vel, pede.',1),(4,'2019-05-17',1,4,'Praesent blandit. Nam nulla. Integer pede justo, lacinia eget, tincidunt eget, tempus vel, pede.',1),(5,'2019-05-17',3,7,'In quis justo. Maecenas rhoncus aliquam lacus. Morbi quis tortor id nulla ultrices aliquet.\n\nMaecenas leo odio, condimentum id, luctus nec, molestie sed, justo. Pellentesque viverra pede ac diam. Cras pellentesque volutpat dui.',1),(6,'2019-05-17',3,5,'Fusce posuere felis sed lacus. Morbi sem mauris, laoreet ut, rhoncus aliquet, pulvinar sed, nisl. Nunc rhoncus dui vel sem.\n\nSed sagittis. Nam congue, risus semper porta volutpat, quam pede lobortis ligula, sit amet eleifend pede libero quis orci. Nullam molestie nibh in lectus.',5);
/*!40000 ALTER TABLE `valoraciones` ENABLE KEYS */;
UNLOCK TABLES;
/*!40103 SET TIME_ZONE=@OLD_TIME_ZONE */;

/*!40101 SET SQL_MODE=@OLD_SQL_MODE */;
/*!40014 SET FOREIGN_KEY_CHECKS=@OLD_FOREIGN_KEY_CHECKS */;
/*!40014 SET UNIQUE_CHECKS=@OLD_UNIQUE_CHECKS */;
/*!40101 SET CHARACTER_SET_CLIENT=@OLD_CHARACTER_SET_CLIENT */;
/*!40101 SET CHARACTER_SET_RESULTS=@OLD_CHARACTER_SET_RESULTS */;
/*!40101 SET COLLATION_CONNECTION=@OLD_COLLATION_CONNECTION */;
/*!40111 SET SQL_NOTES=@OLD_SQL_NOTES */;

-- Dump completed on 2019-05-27 23:45:33
